C,CPP,Java,Python,Ruby,R
2.6786,2.65864286,3.05677143,3.70411429,4.15824286,3.37318571