Hardware,C,CPP,Java,Python,Ruby,R
MiddleTROld,1344.992,1344.349,2653.212,8990.562,24232.89,4155.194
MiddleTRNew,352.1674,362.3634,721.4599,3173.957,8095.874,1788.42
ScilabB,384.0431,371.1509,762.2134,3261.888,8531.145,1839.139
Mahdi,411.321944,412.620405,864.7958,3678.19121,11866.3709,2137.38752
ScilabD,475.201776,459.99249,1041.885214,4609.0206,14993.0487,2317.36171
LT,581.207114,577.659291,1219.27361,6573.98141,16182.8134,2485.59356
Surface,528.6285,517.3226,1121.5215,5312.523,14784.5224,2271.1127