C,CPP,Java,Python,Ruby,R
2.7381394,2.71995992,3.11801942,3.72726298,4.19796864,3.41008662